2021-04-01 16:16:25,"b""RT @EvansAloo: @KenyaPower For how long should we the OYUGIS residents, be in darkness? We haven't been connected over the last 3days. We a\xe2\x80\xa6"""
2021-04-01 16:00:31,"b'RT @JerotichSeii: Theft by @kenyapower &amp; by the looks of things, mobile phone numbers are in the mix.\n\n#SwitchOffKPLC'"
2021-04-01 15:37:25,"b""@KenyaPower For how long should we the OYUGIS residents, be in darkness? We haven't been connected over the last 3days. We are loosing our businesses. \nMtrNo:14244466430\n#SwitchOffKPLC @RobertAlai @CofekRebranded @EPRA_Ke @HomaBayGovt"""
2021-04-01 14:36:33,b'RT @OMakonjio: Cafe Kaya is one of the many restaurants who have closed down and laid off people with the recent closure have started doing\xe2\x80\xa6'
2021-04-01 14:14:37,"b""@ltkaranja Unfortunately you won't #SwitchOffKPLC because even if given a solar solution, you will cry that it's expensive. If Kenyans were serious KPLC would be in our history books just like KPTCL which used to frustrate people to connect telephone lines."""
2021-04-01 13:53:18,"b'RT @JerotichSeii: Theft by @kenyapower &amp; by the looks of things, mobile phone numbers are in the mix.\n\n#SwitchOffKPLC'"
2021-04-01 13:05:19,"b'RT @JerotichSeii: Theft by @kenyapower &amp; by the looks of things, mobile phone numbers are in the mix.\n\n#SwitchOffKPLC'"
2021-04-01 12:59:03,b'RT @OMakonjio: Cafe Kaya is one of the many restaurants who have closed down and laid off people with the recent closure have started doing\xe2\x80\xa6'
2021-04-01 12:54:53,"b'RT @JerotichSeii: Theft by @kenyapower &amp; by the looks of things, mobile phone numbers are in the mix.\n\n#SwitchOffKPLC'"
2021-04-01 12:52:33,"b'RT @JerotichSeii: Theft by @kenyapower &amp; by the looks of things, mobile phone numbers are in the mix.\n\n#SwitchOffKPLC'"
2021-04-01 12:52:24,b'RT @OMakonjio: Cafe Kaya is one of the many restaurants who have closed down and laid off people with the recent closure have started doing\xe2\x80\xa6'
2021-04-01 12:34:10,b'RT @OMakonjio: Cafe Kaya is one of the many restaurants who have closed down and laid off people with the recent closure have started doing\xe2\x80\xa6'
2021-04-01 12:33:34,"b'Theft by @kenyapower &amp; by the looks of things, mobile phone numbers are in the mix.\n\n#SwitchOffKPLC https://t.co/SUxaifoC1x'"
2021-04-01 12:09:32,b'@JerotichSeii  these KPLC are scam #switchoffkplc https://t.co/bVTWwr89l6'
2021-04-01 11:51:28,b'RT @OMakonjio: Cafe Kaya is one of the many restaurants who have closed down and laid off people with the recent closure have started doing\xe2\x80\xa6'
2021-04-01 11:45:38,b'RT @OMakonjio: Cafe Kaya is one of the many restaurants who have closed down and laid off people with the recent closure have started doing\xe2\x80\xa6'
2021-04-01 11:35:13,b'RT @OMakonjio: Cafe Kaya is one of the many restaurants who have closed down and laid off people with the recent closure have started doing\xe2\x80\xa6'
2021-04-01 10:35:24,"b'RT @JerotichSeii: @DavidNdii @KenGenKenya is not a stranger in ""cartel"" Jerusalem. \n\nThis is another reason why they are trying hard to ""am\xe2\x80\xa6'"
2021-04-01 10:31:49,b'RT @OMakonjio: Cafe Kaya is one of the many restaurants who have closed down and laid off people with the recent closure have started doing\xe2\x80\xa6'
2021-04-01 10:28:42,b'RT @OMakonjio: Cafe Kaya is one of the many restaurants who have closed down and laid off people with the recent closure have started doing\xe2\x80\xa6'
2021-04-01 10:17:28,b'RT @OMakonjio: Cafe Kaya is one of the many restaurants who have closed down and laid off people with the recent closure have started doing\xe2\x80\xa6'
2021-04-01 10:05:18,b'RT @OMakonjio: Cafe Kaya is one of the many restaurants who have closed down and laid off people with the recent closure have started doing\xe2\x80\xa6'
2021-04-01 10:04:15,b'Cafe Kaya is one of the many restaurants who have closed down and laid off people with the recent closure have started doing food deliveries \xf0\x9f\x9a\x9a  \n\nPlace an order to keep the team and suppliers working and stay afloat\n\n#UnlockOurCountry #UnlockOurEconomy and #SwitchOffKPLC https://t.co/WlgZIa8k22'
2021-04-01 08:23:42,"b'RT @JerotichSeii: Because my only skin in the game is Energy Justice.\n\nBar a couple, EVERY single member of the Task Force is an interested\xe2\x80\xa6'"
2021-04-01 07:48:35,b'RT @JerotichSeii: @WehliyeMohamed The Task Force Pres Uhuru has formed is riddled with interested parties akin to the 2018 one. @HonAdenDua\xe2\x80\xa6'
2021-04-01 07:13:54,"b'RT @JerotichSeii: Because my only skin in the game is Energy Justice.\n\nBar a couple, EVERY single member of the Task Force is an interested\xe2\x80\xa6'"
2021-04-01 06:51:56,b'RT @JerotichSeii: Let us all\n\n#SwitchOffKPLC'
2021-04-01 05:10:38,b'RT @CitizenKenya9: #SwitchOffKPLC time for the energy cartels to be drained from the swamp. @KenyaPower you are a very useless brand. @Jero\xe2\x80\xa6'
2021-04-01 05:09:45,"b'RT @KaranjaMatindi: Unfortunately, the energy cartels, protected by none other than @EnergyMinK &amp; @ketercharles, have decided to unconstitu\xe2\x80\xa6'"
2021-04-01 05:09:05,b'RT @JerotichSeii: @WehliyeMohamed The Task Force Pres Uhuru has formed is riddled with interested parties akin to the 2018 one. @HonAdenDua\xe2\x80\xa6'
2021-04-01 05:05:34,b'RT @CitizenKenya9: #SwitchOffKPLC time for the energy cartels to be drained from the swamp. @KenyaPower you are a very useless brand. @Jero\xe2\x80\xa6'
2021-04-01 04:51:56,b'RT @JerotichSeii: @WehliyeMohamed The Task Force Pres Uhuru has formed is riddled with interested parties akin to the 2018 one. @HonAdenDua\xe2\x80\xa6'
2021-04-01 04:40:07,"b'RT @JerotichSeii: @DavidNdii @KenGenKenya is not a stranger in ""cartel"" Jerusalem. \n\nThis is another reason why they are trying hard to ""am\xe2\x80\xa6'"
2021-04-01 04:38:21,b'RT @JerotichSeii: @WehliyeMohamed The Task Force Pres Uhuru has formed is riddled with interested parties akin to the 2018 one. @HonAdenDua\xe2\x80\xa6'
2021-04-01 04:36:38,"b'RT @JerotichSeii: Because my only skin in the game is Energy Justice.\n\nBar a couple, EVERY single member of the Task Force is an interested\xe2\x80\xa6'"
2021-04-01 04:11:54,"b'RT @KaranjaMatindi: Unfortunately, the energy cartels, protected by none other than @EnergyMinK &amp; @ketercharles, have decided to unconstitu\xe2\x80\xa6'"
2021-04-01 03:10:38,"b'RT @JerotichSeii: Because my only skin in the game is Energy Justice.\n\nBar a couple, EVERY single member of the Task Force is an interested\xe2\x80\xa6'"
2021-04-01 03:06:26,b'RT @JerotichSeii: @WehliyeMohamed The Task Force Pres Uhuru has formed is riddled with interested parties akin to the 2018 one. @HonAdenDua\xe2\x80\xa6'
2021-04-01 03:00:59,"b'RT @JerotichSeii: Because my only skin in the game is Energy Justice.\n\nBar a couple, EVERY single member of the Task Force is an interested\xe2\x80\xa6'"
2021-04-01 02:53:16,"b'RT @JerotichSeii: Because my only skin in the game is Energy Justice.\n\nBar a couple, EVERY single member of the Task Force is an interested\xe2\x80\xa6'"
2021-04-01 02:37:22,"b'RT @JerotichSeii: Because my only skin in the game is Energy Justice.\n\nBar a couple, EVERY single member of the Task Force is an interested\xe2\x80\xa6'"
2021-04-01 02:18:30,"b'RT @JerotichSeii: Because my only skin in the game is Energy Justice.\n\nBar a couple, EVERY single member of the Task Force is an interested\xe2\x80\xa6'"
2021-04-01 02:16:51,"b'RT @KaranjaMatindi: Unfortunately, the energy cartels, protected by none other than @EnergyMinK &amp; @ketercharles, have decided to unconstitu\xe2\x80\xa6'"
2021-04-01 02:16:15,"b'RT @JerotichSeii: @DavidNdii @KenGenKenya is not a stranger in ""cartel"" Jerusalem. \n\nThis is another reason why they are trying hard to ""am\xe2\x80\xa6'"
2021-04-01 01:37:21,b'RT @CitizenKenya9: #SwitchOffKPLC time for the energy cartels to be drained from the swamp. @KenyaPower you are a very useless brand. @Jero\xe2\x80\xa6'
2021-04-01 01:20:18,b'RT @JerotichSeii: @WehliyeMohamed The Task Force Pres Uhuru has formed is riddled with interested parties akin to the 2018 one. @HonAdenDua\xe2\x80\xa6'
2021-04-01 01:04:53,"b""@WehliyeMohamed The Task Force Pres Uhuru has formed is riddled with interested parties akin to the 2018 one. @HonAdenDuale's questions are good. Don't expect answers from this crew. \n\n#SwitchOffKPLC"""
2021-03-31 21:54:59,"b'@BD_Africa @jerotichSeii PPAs were a blatant fraud visited upon Kenyan consumers via breach of trust and abuse of power. ""Review"" smacks of whitewashing the crimes. We demand investigations and accountability, including seizure of proceeds of crime. #SwitchOffKPLC'"
2021-03-31 21:26:27,"b'@BD_Africa Aiiie No!!!Now who is this,no man Aiie !!! No way Aiiiie, Mr President are you for real? ""To review Kenya power\'s costly purchase deals""?\nShoo,haki we are on our own. #SwitchOffKPLC @JerotichSeii help us'"
2021-03-31 18:53:01,b'#SwitchOffKPLC time for the energy cartels to be drained from the swamp. @KenyaPower you are a very useless brand. @JerotichSeii waambie tumewachoka na ushenzi yao. https://t.co/NpUfACmAsO'
2021-03-31 18:47:30,"b'RT @JerotichSeii: Because my only skin in the game is Energy Justice.\n\nBar a couple, EVERY single member of the Task Force is an interested\xe2\x80\xa6'"
2021-03-31 18:12:59,"b'RT @JerotichSeii: Because my only skin in the game is Energy Justice.\n\nBar a couple, EVERY single member of the Task Force is an interested\xe2\x80\xa6'"
2021-03-31 18:07:06,"b'RT @JerotichSeii: Because my only skin in the game is Energy Justice.\n\nBar a couple, EVERY single member of the Task Force is an interested\xe2\x80\xa6'"
2021-03-31 17:31:41,"b'RT @JerotichSeii: Because my only skin in the game is Energy Justice.\n\nBar a couple, EVERY single member of the Task Force is an interested\xe2\x80\xa6'"
2021-03-31 17:17:55,"b'RT @JerotichSeii: Because my only skin in the game is Energy Justice.\n\nBar a couple, EVERY single member of the Task Force is an interested\xe2\x80\xa6'"
2021-03-31 17:08:54,"b'RT @JerotichSeii: Because my only skin in the game is Energy Justice.\n\nBar a couple, EVERY single member of the Task Force is an interested\xe2\x80\xa6'"
2021-03-31 16:55:51,"b'RT @JerotichSeii: Because my only skin in the game is Energy Justice.\n\nBar a couple, EVERY single member of the Task Force is an interested\xe2\x80\xa6'"
2021-03-31 16:46:43,"b'RT @JerotichSeii: @DavidNdii @KenGenKenya is not a stranger in ""cartel"" Jerusalem. \n\nThis is another reason why they are trying hard to ""am\xe2\x80\xa6'"
2021-03-31 16:29:49,"b'RT @JerotichSeii: Because my only skin in the game is Energy Justice.\n\nBar a couple, EVERY single member of the Task Force is an interested\xe2\x80\xa6'"
2021-03-31 16:29:19,"b'@MarthaKarua @StateHouseKenya When you hire criminals to be police officers. It is easy for innocent people to be arrested, convicted and jailed, but It is difficult ,close to impossible to have criminals arrested, convicted and jailed...#SwitchOffKPLC'"
2021-03-31 16:27:06,"b'RT @JerotichSeii: Because my only skin in the game is Energy Justice.\n\nBar a couple, EVERY single member of the Task Force is an interested\xe2\x80\xa6'"
2021-03-31 15:54:05,"b'RT @JerotichSeii: @DavidNdii @KenGenKenya is not a stranger in ""cartel"" Jerusalem. \n\nThis is another reason why they are trying hard to ""am\xe2\x80\xa6'"
2021-03-31 15:27:53,"b'RT @JerotichSeii: 2. Meanwhile in Kenya: crony capitalists, boards, multi nationals, multilateral lenders, money launderers, Kick Back King\xe2\x80\xa6'"
2021-03-31 15:21:38,"b'RT @JerotichSeii: @DavidNdii @KenGenKenya is not a stranger in ""cartel"" Jerusalem. \n\nThis is another reason why they are trying hard to ""am\xe2\x80\xa6'"
2021-03-31 15:19:05,"b'RT @JerotichSeii: Because my only skin in the game is Energy Justice.\n\nBar a couple, EVERY single member of the Task Force is an interested\xe2\x80\xa6'"
2021-03-31 15:15:10,"b'RT @KaranjaMatindi: Unfortunately, the energy cartels, protected by none other than @EnergyMinK &amp; @ketercharles, have decided to unconstitu\xe2\x80\xa6'"
2021-03-31 15:05:30,"b'RT @JerotichSeii: Because my only skin in the game is Energy Justice.\n\nBar a couple, EVERY single member of the Task Force is an interested\xe2\x80\xa6'"
2021-03-31 14:15:49,"b'RT @JerotichSeii: Because my only skin in the game is Energy Justice.\n\nBar a couple, EVERY single member of the Task Force is an interested\xe2\x80\xa6'"
2021-03-31 14:15:09,b'RT @JerotichSeii: Let us all\n\n#SwitchOffKPLC'
2021-03-31 14:13:08,b'RT @JerotichSeii: @MihrThakar @OECD @StateDept @OrmatTechnolog1 @KenyaPower Yup! And they owe KRA Sh24B in unpaid taxes. Once you start unr\xe2\x80\xa6'
2021-03-31 14:04:35,"b'RT @JerotichSeii: Because my only skin in the game is Energy Justice.\n\nBar a couple, EVERY single member of the Task Force is an interested\xe2\x80\xa6'"
2021-03-31 14:03:20,"b'RT @JerotichSeii: Because my only skin in the game is Energy Justice.\n\nBar a couple, EVERY single member of the Task Force is an interested\xe2\x80\xa6'"
2021-03-31 13:52:24,"b'RT @JerotichSeii: Because my only skin in the game is Energy Justice.\n\nBar a couple, EVERY single member of the Task Force is an interested\xe2\x80\xa6'"
2021-03-31 13:50:16,"b'RT @JerotichSeii: Because my only skin in the game is Energy Justice.\n\nBar a couple, EVERY single member of the Task Force is an interested\xe2\x80\xa6'"
2021-03-31 13:48:54,"b'RT @KaranjaMatindi: Unfortunately, the energy cartels, protected by none other than @EnergyMinK &amp; @ketercharles, have decided to unconstitu\xe2\x80\xa6'"
2021-03-31 13:12:47,b'@Benjaminmalek2 @DavidNdii Groundhog Day.\n\n#SwitchOffKPLC'
2021-03-31 13:12:02,"b'RT @JerotichSeii: Because my only skin in the game is Energy Justice.\n\nBar a couple, EVERY single member of the Task Force is an interested\xe2\x80\xa6'"
2021-03-31 13:04:24,"b'RT @JerotichSeii: Because my only skin in the game is Energy Justice.\n\nBar a couple, EVERY single member of the Task Force is an interested\xe2\x80\xa6'"
2021-03-31 12:55:19,"b'RT @JerotichSeii: @DavidNdii @KenGenKenya is not a stranger in ""cartel"" Jerusalem. \n\nThis is another reason why they are trying hard to ""am\xe2\x80\xa6'"
2021-03-31 12:52:53,"b'RT @JerotichSeii: @DavidNdii @KenGenKenya is not a stranger in ""cartel"" Jerusalem. \n\nThis is another reason why they are trying hard to ""am\xe2\x80\xa6'"
2021-03-31 12:47:40,"b'RT @JerotichSeii: @DavidNdii @KenGenKenya is not a stranger in ""cartel"" Jerusalem. \n\nThis is another reason why they are trying hard to ""am\xe2\x80\xa6'"
2021-03-31 12:45:25,"b'RT @JerotichSeii: Because my only skin in the game is Energy Justice.\n\nBar a couple, EVERY single member of the Task Force is an interested\xe2\x80\xa6'"
2021-03-31 12:43:55,b'@citizentvkenya \xf0\x9f\x98\x82 \xf0\x9f\x98\x82 \xf0\x9f\x98\x82  April fools came early? #SwitchOffKPLC'
2021-03-31 12:42:27,b'Let us all\n\n#SwitchOffKPLC https://t.co/aFHiKxBJRX'
2021-03-31 12:28:29,"b'RT @JerotichSeii: @DavidNdii @KenGenKenya is not a stranger in ""cartel"" Jerusalem. \n\nThis is another reason why they are trying hard to ""am\xe2\x80\xa6'"
2021-03-31 12:21:52,b'#switchoffkplc \n@JerotichSeii @HonAdenDuale kindly share progress of this.. https://t.co/4iU2n4IDTv'
2021-03-31 12:13:28,"b'Is this the ngumi who stole kpc,now task to review kplc.i think we lost it as a country#linda katiba#switchoffkplc https://t.co/hwgHMq0cql'"
2021-03-31 12:06:18,"b'RT @JerotichSeii: @DavidNdii @KenGenKenya is not a stranger in ""cartel"" Jerusalem. \n\nThis is another reason why they are trying hard to ""am\xe2\x80\xa6'"
2021-03-31 11:55:51,"b'RT @JerotichSeii: Because my only skin in the game is Energy Justice.\n\nBar a couple, EVERY single member of the Task Force is an interested\xe2\x80\xa6'"
2021-03-31 11:52:53,"b'RT @JerotichSeii: @DavidNdii @KenGenKenya is not a stranger in ""cartel"" Jerusalem. \n\nThis is another reason why they are trying hard to ""am\xe2\x80\xa6'"
2021-03-31 11:50:10,"b'RT @JerotichSeii: @DavidNdii @KenGenKenya is not a stranger in ""cartel"" Jerusalem. \n\nThis is another reason why they are trying hard to ""am\xe2\x80\xa6'"
2021-03-31 11:50:08,"b'RT @JerotichSeii: @DavidNdii @KenGenKenya is not a stranger in ""cartel"" Jerusalem. \n\nThis is another reason why they are trying hard to ""am\xe2\x80\xa6'"
2021-03-31 11:48:34,"b'RT @JerotichSeii: Because my only skin in the game is Energy Justice.\n\nBar a couple, EVERY single member of the Task Force is an interested\xe2\x80\xa6'"
2021-03-31 11:46:41,"b'RT @JerotichSeii: Because my only skin in the game is Energy Justice.\n\nBar a couple, EVERY single member of the Task Force is an interested\xe2\x80\xa6'"
2021-03-31 11:44:11,"b'RT @JerotichSeii: @DavidNdii @KenGenKenya is not a stranger in ""cartel"" Jerusalem. \n\nThis is another reason why they are trying hard to ""am\xe2\x80\xa6'"
2021-03-31 11:43:19,"b'RT @JerotichSeii: Because my only skin in the game is Energy Justice.\n\nBar a couple, EVERY single member of the Task Force is an interested\xe2\x80\xa6'"
2021-03-31 11:41:58,"b'RT @JerotichSeii: Because my only skin in the game is Energy Justice.\n\nBar a couple, EVERY single member of the Task Force is an interested\xe2\x80\xa6'"
2021-03-31 11:40:57,"b'RT @JerotichSeii: Because my only skin in the game is Energy Justice.\n\nBar a couple, EVERY single member of the Task Force is an interested\xe2\x80\xa6'"
2021-03-31 11:38:30,"b'RT @JerotichSeii: Because my only skin in the game is Energy Justice.\n\nBar a couple, EVERY single member of the Task Force is an interested\xe2\x80\xa6'"
2021-03-31 11:35:44,b'@shecyclesnbi Nope. Which parliament? Someone has them by the short and curlies. #SwitchOffKPLC https://t.co/483F125dy7'
2021-03-31 11:29:40,"b'RT @JerotichSeii: @DavidNdii @KenGenKenya is not a stranger in ""cartel"" Jerusalem. \n\nThis is another reason why they are trying hard to ""am\xe2\x80\xa6'"
2021-03-31 11:28:48,"b'RT @JerotichSeii: 2. Meanwhile in Kenya: crony capitalists, boards, multi nationals, multilateral lenders, money launderers, Kick Back King\xe2\x80\xa6'"
2021-03-31 11:27:48,"b'RT @JerotichSeii: @DavidNdii @KenGenKenya is not a stranger in ""cartel"" Jerusalem. \n\nThis is another reason why they are trying hard to ""am\xe2\x80\xa6'"
2021-03-31 11:26:32,"b'RT @JerotichSeii: Because my only skin in the game is Energy Justice.\n\nBar a couple, EVERY single member of the Task Force is an interested\xe2\x80\xa6'"
2021-03-31 11:26:28,"b'RT @JerotichSeii: Because my only skin in the game is Energy Justice.\n\nBar a couple, EVERY single member of the Task Force is an interested\xe2\x80\xa6'"
2021-03-31 11:25:42,"b'RT @JerotichSeii: @DavidNdii @KenGenKenya is not a stranger in ""cartel"" Jerusalem. \n\nThis is another reason why they are trying hard to ""am\xe2\x80\xa6'"
2021-03-31 11:25:06,"b'RT @JerotichSeii: Because my only skin in the game is Energy Justice.\n\nBar a couple, EVERY single member of the Task Force is an interested\xe2\x80\xa6'"
2021-03-31 11:24:08,"b'RT @JerotichSeii: Because my only skin in the game is Energy Justice.\n\nBar a couple, EVERY single member of the Task Force is an interested\xe2\x80\xa6'"
2021-03-31 11:21:26,"b'RT @KaranjaMatindi: Unfortunately, the energy cartels, protected by none other than @EnergyMinK &amp; @ketercharles, have decided to unconstitu\xe2\x80\xa6'"
2021-03-31 11:21:23,"b'RT @JerotichSeii: Because my only skin in the game is Energy Justice.\n\nBar a couple, EVERY single member of the Task Force is an interested\xe2\x80\xa6'"
2021-03-31 11:21:15,"b'RT @JerotichSeii: @DavidNdii @KenGenKenya is not a stranger in ""cartel"" Jerusalem. \n\nThis is another reason why they are trying hard to ""am\xe2\x80\xa6'"
2021-03-31 11:19:30,"b'@JerotichSeii @StateHouseKenya @KenyaPower @AGOfficeKenya @EnergyMinK @EPRA_Ke Zima, Zima, Zima. Energy Justice remains a mirage for the Mwananchi #SwitchOffKPLC @hotshotcreative @KingFredAsira @WanjeriNderu'"
2021-03-31 11:18:25,"b'RT @JerotichSeii: @DavidNdii @KenGenKenya is not a stranger in ""cartel"" Jerusalem. \n\nThis is another reason why they are trying hard to ""am\xe2\x80\xa6'"
2021-03-31 11:17:46,"b'RT @JerotichSeii: Because my only skin in the game is Energy Justice.\n\nBar a couple, EVERY single member of the Task Force is an interested\xe2\x80\xa6'"
2021-03-31 11:14:49,"b'RT @JerotichSeii: Because my only skin in the game is Energy Justice.\n\nBar a couple, EVERY single member of the Task Force is an interested\xe2\x80\xa6'"
2021-03-31 11:13:12,"b'RT @JerotichSeii: Because my only skin in the game is Energy Justice.\n\nBar a couple, EVERY single member of the Task Force is an interested\xe2\x80\xa6'"
2021-03-31 11:12:52,"b'RT @JerotichSeii: Because my only skin in the game is Energy Justice.\n\nBar a couple, EVERY single member of the Task Force is an interested\xe2\x80\xa6'"
2021-03-31 11:10:03,"b'@DavidNdii @KenGenKenya is not a stranger in ""cartel"" Jerusalem. \n\nThis is another reason why they are trying hard to ""amend"" Katiba around data protection &amp; privacy because it protects THOSE who would not like us to dig deeper into their beneficial ownership of, eg, IPPs. \n\n#SwitchOffKPLC'"
2021-03-31 11:04:40,"b'RT @JerotichSeii: Because my only skin in the game is Energy Justice.\n\nBar a couple, EVERY single member of the Task Force is an interested\xe2\x80\xa6'"
2021-03-31 11:03:37,"b'Because my only skin in the game is Energy Justice.\n\nBar a couple, EVERY single member of the Task Force is an interested party: @StateHouseKenya @KenyaPower @AGOfficeKenya @EnergyMinK @EPRA_Ke, IPP owners/advisors, private sector, etc.\n\nWolves guarding the sheep.\n\n#SwitchOffKPLC https://t.co/DhrSMEh8fb https://t.co/REVbn9stHi'"
2021-03-31 10:53:08,b'@RookieKE @DavidNdii @JerotichSeii@switchoffkplc @MboyaApollo @WorldBankKenya\n please confirm this billionaires are frustrating Kenyans'
2021-03-31 07:45:48,"b'@litmuspaperss @KenyaPower What the hell is Fuel Energy charge, Inflation adjustment and Forex charge??? What the Blady Hell @JerotichSeii #SwitchOffKPLC'"
2021-03-31 07:21:25,b'RT @hotshotcreative: @MakoriGeorge_ @DisasterKenya @alaminkimathi @FauzKhalid @JerotichSeii @chothep @mlimakenya @VictorMwambacha @SolomonK\xe2\x80\xa6'
2021-03-31 07:07:56,b'RT @hotshotcreative: @MakoriGeorge_ @DisasterKenya @alaminkimathi @FauzKhalid @JerotichSeii @chothep @mlimakenya @VictorMwambacha @SolomonK\xe2\x80\xa6'
2021-03-31 07:02:28,b'@MakoriGeorge_ @DisasterKenya @alaminkimathi @FauzKhalid @JerotichSeii @chothep @mlimakenya @VictorMwambacha @SolomonKarori2 @BasilioCC @HakiNgo @WanjikuRevolt @YussufMwinyi https://t.co/vx4TtpVrCz\n\nSame-same one of the Kenya Pipeline scandal... Rewarding mediocrity.  #SwitchOffKPLC'
2021-03-31 06:29:18,"b'RT @RKDAVID1: Good morning @JerotichSeii,\n\nWhere has Hon. Duale been? How is this a surprise to him now?\n\nAnyway, Good questions and hope t\xe2\x80\xa6'"
2021-03-31 04:50:25,"b'RT @RKDAVID1: Good morning @JerotichSeii,\n\nWhere has Hon. Duale been? How is this a surprise to him now?\n\nAnyway, Good questions and hope t\xe2\x80\xa6'"
2021-03-31 03:35:39,b'His mother is a big shareholder of KPLC and also one of the Independent Power Producers. \n\n#SwitchOffKPLC @JerotichSeii https://t.co/qNVEiQEJjB'
2021-03-31 03:28:31,"b'Good morning @JerotichSeii,\n\nWhere has Hon. Duale been? How is this a surprise to him now?\n\nAnyway, Good questions and hope the entire house will be sane all through for answers from KPLC.\n#SwitchOffKPLC https://t.co/uG8yFF6UMK'"
2021-03-31 02:58:56,"b'RT @KaranjaMatindi: Unfortunately, the energy cartels, protected by none other than @EnergyMinK &amp; @ketercharles, have decided to unconstitu\xe2\x80\xa6'"
2021-03-31 00:53:01,"b'RT @KaranjaMatindi: Unfortunately, the energy cartels, protected by none other than @EnergyMinK &amp; @ketercharles, have decided to unconstitu\xe2\x80\xa6'"
2021-03-30 22:18:50,"b""Unfortunately, the energy cartels, protected by none other than @EnergyMinK &amp; @ketercharles, have decided to unconstitutionally &amp; unlawfully set grounds to transfer all of KPLC's liabilities to the taxpayers, before its impending demise. #SwitchOffKPLC\n\nhttps://t.co/J5CFsUWpvp"""
2021-03-30 19:18:54,b'@citizentvkenya @WaihigaMwaura \xf0\x9f\x98\x82 \xf0\x9f\x98\x82 \xf0\x9f\x98\x82  Anywei #SwitchOffKPLC'
2021-03-30 18:08:05,b'@WanjiruKimani9 @JerotichSeii Bad joke. #SwitchOffKPLC'
2021-03-30 17:24:49,b'RT @Its_Roba: @KenyaPower_Care kindly but urgently address the power outage affecting parts of Langata #SwitchOffKPLC @KenyaPower @ketercha\xe2\x80\xa6'
2021-03-30 17:14:30,b'@KenyaPower_Care kindly but urgently address the power outage affecting parts of Langata #SwitchOffKPLC @KenyaPower @ketercharles @Ma3Route @Mkaazi_Langata'
2021-03-30 17:04:51,"b'RT @JerotichSeii: The thieving, cartel-ridden, inefficient company @KenyaPower @EPRA_Ke @EnergyMinK acting all horrified &amp; wondering why co\xe2\x80\xa6'"
2021-03-30 14:39:49,"b'RT @JerotichSeii: The thieving, cartel-ridden, inefficient company @KenyaPower @EPRA_Ke @EnergyMinK acting all horrified &amp; wondering why co\xe2\x80\xa6'"
2021-03-30 11:52:04,"b'RT @JerotichSeii: The thieving, cartel-ridden, inefficient company @KenyaPower @EPRA_Ke @EnergyMinK acting all horrified &amp; wondering why co\xe2\x80\xa6'"
2021-03-30 11:33:29,"b'RT @JerotichSeii: The thieving, cartel-ridden, inefficient company @KenyaPower @EPRA_Ke @EnergyMinK acting all horrified &amp; wondering why co\xe2\x80\xa6'"
2021-03-30 11:31:54,b'@KenyaPower_Care  I demand prompt explanation as to why the bill attached below has kept going upwards without any justification. No load has been added on my end! #SwitchoffKPLC #Tunukiwa444 @JerotichSeii #kplccustomercare https://t.co/8C115u02rJ'
2021-03-30 11:08:52,"b'RT @JerotichSeii: The thieving, cartel-ridden, inefficient company @KenyaPower @EPRA_Ke @EnergyMinK acting all horrified &amp; wondering why co\xe2\x80\xa6'"
2021-03-30 09:36:24,"b'RT @JerotichSeii: The thieving, cartel-ridden, inefficient company @KenyaPower @EPRA_Ke @EnergyMinK acting all horrified &amp; wondering why co\xe2\x80\xa6'"
2021-03-30 09:35:01,"b'RT @JerotichSeii: The thieving, cartel-ridden, inefficient company @KenyaPower @EPRA_Ke @EnergyMinK acting all horrified &amp; wondering why co\xe2\x80\xa6'"
2021-03-30 09:18:15,"b'RT @JerotichSeii: The thieving, cartel-ridden, inefficient company @KenyaPower @EPRA_Ke @EnergyMinK acting all horrified &amp; wondering why co\xe2\x80\xa6'"
2021-03-30 09:06:27,"b'RT @JerotichSeii: The thieving, cartel-ridden, inefficient company @KenyaPower @EPRA_Ke @EnergyMinK acting all horrified &amp; wondering why co\xe2\x80\xa6'"
2021-03-30 09:01:37,"b'RT @JerotichSeii: The thieving, cartel-ridden, inefficient company @KenyaPower @EPRA_Ke @EnergyMinK acting all horrified &amp; wondering why co\xe2\x80\xa6'"
2021-03-30 08:37:08,"b'RT @JerotichSeii: The thieving, cartel-ridden, inefficient company @KenyaPower @EPRA_Ke @EnergyMinK acting all horrified &amp; wondering why co\xe2\x80\xa6'"
2021-03-30 08:22:12,"b'RT @JerotichSeii: The thieving, cartel-ridden, inefficient company @KenyaPower @EPRA_Ke @EnergyMinK acting all horrified &amp; wondering why co\xe2\x80\xa6'"
2021-03-30 08:21:33,"b'RT @JerotichSeii: The thieving, cartel-ridden, inefficient company @KenyaPower @EPRA_Ke @EnergyMinK acting all horrified &amp; wondering why co\xe2\x80\xa6'"
2021-03-30 08:17:39,b'I hope this move by Aden Duale is just for PR purposes. KPLC must explain to Kenyans why the rates are so inflated and ever rising. Some people should even be arrested there and jailed for economic crimes. #SwitchOffKPLC https://t.co/QRCcWKJhBZ'
2021-03-30 08:17:30,"b'RT @JerotichSeii: The thieving, cartel-ridden, inefficient company @KenyaPower @EPRA_Ke @EnergyMinK acting all horrified &amp; wondering why co\xe2\x80\xa6'"
2021-03-30 08:17:05,"b'RT @JerotichSeii: The thieving, cartel-ridden, inefficient company @KenyaPower @EPRA_Ke @EnergyMinK acting all horrified &amp; wondering why co\xe2\x80\xa6'"
2021-03-30 08:16:42,"b'RT @JerotichSeii: The thieving, cartel-ridden, inefficient company @KenyaPower @EPRA_Ke @EnergyMinK acting all horrified &amp; wondering why co\xe2\x80\xa6'"
2021-03-30 08:11:17,"b'The thieving, cartel-ridden, inefficient company @KenyaPower @EPRA_Ke @EnergyMinK acting all horrified &amp; wondering why consumers are returning the favour.\n\nThose who are NOT thieves continue to pay ungodly post-paid bills OR have pre-paid tokens stolen from them.\n\n#SwitchOffKPLC https://t.co/IujUdByCXK'"
2021-03-29 11:41:37,b'@Wetangulam - I am on standby.\n\n@ketercharles \n@EnergyMinK \n@KenyaPower \n\n#SwitchOffKPLC https://t.co/zEvyTsHZGo'
2021-03-29 02:39:11,"b""@Wetangulam @ketercharles Disband that monopoly. I fully support #switchoffkplc yesterday they decided we won't have power the whole day &amp; they've been chewing the small tokens they give us like gum. Everybody at Kenya power should go home."""
2021-03-28 04:14:40,"b'RT @JerotichSeii: 3. Pres Uhuru: even as you toy around with the idea of remaining in power forever &amp; ever amen, consider  that the vast ma\xe2\x80\xa6'"
2021-03-27 21:56:03,"b'RT @JerotichSeii: 3. Pres Uhuru: even as you toy around with the idea of remaining in power forever &amp; ever amen, consider  that the vast ma\xe2\x80\xa6'"
2021-03-27 20:20:59,b'MPs demand answers on high @KenyaPower bills. #SwitchOffKPLC https://t.co/fv9bMNKvxe'
2021-03-27 18:03:11,"b'RT @JerotichSeii: 3. Pres Uhuru: even as you toy around with the idea of remaining in power forever &amp; ever amen, consider  that the vast ma\xe2\x80\xa6'"
2021-03-27 17:18:15,"b'RT @JerotichSeii: 3. Pres Uhuru: even as you toy around with the idea of remaining in power forever &amp; ever amen, consider  that the vast ma\xe2\x80\xa6'"
2021-03-27 16:34:23,"b'RT @JerotichSeii: BTW hot on the heels of stealing an additional Sh6B from electricity consumers, if the 20% increment is \xe2\x9c\x85 then\n\n-Sh12.50\xe2\x80\xa6'"
2021-03-27 15:46:33,"b'RT @JerotichSeii: 3. Pres Uhuru: even as you toy around with the idea of remaining in power forever &amp; ever amen, consider  that the vast ma\xe2\x80\xa6'"
2021-03-27 15:27:13,"b'RT @JerotichSeii: 3. Pres Uhuru: even as you toy around with the idea of remaining in power forever &amp; ever amen, consider  that the vast ma\xe2\x80\xa6'"
2021-03-27 15:24:42,"b'RT @JerotichSeii: 3. Pres Uhuru: even as you toy around with the idea of remaining in power forever &amp; ever amen, consider  that the vast ma\xe2\x80\xa6'"
2021-03-27 15:09:09,"b'RT @JerotichSeii: 3. Pres Uhuru: even as you toy around with the idea of remaining in power forever &amp; ever amen, consider  that the vast ma\xe2\x80\xa6'"
2021-03-27 14:58:23,"b'RT @JerotichSeii: 3. Pres Uhuru: even as you toy around with the idea of remaining in power forever &amp; ever amen, consider  that the vast ma\xe2\x80\xa6'"
2021-03-27 14:51:04,"b'RT @JerotichSeii: 3. Pres Uhuru: even as you toy around with the idea of remaining in power forever &amp; ever amen, consider  that the vast ma\xe2\x80\xa6'"
2021-03-27 14:50:55,"b'RT @JerotichSeii: 3. Pres Uhuru: even as you toy around with the idea of remaining in power forever &amp; ever amen, consider  that the vast ma\xe2\x80\xa6'"
2021-03-27 14:47:14,"b'RT @JerotichSeii: 3. Pres Uhuru: even as you toy around with the idea of remaining in power forever &amp; ever amen, consider  that the vast ma\xe2\x80\xa6'"
2021-03-27 14:41:24,"b'RT @JerotichSeii: 3. Pres Uhuru: even as you toy around with the idea of remaining in power forever &amp; ever amen, consider  that the vast ma\xe2\x80\xa6'"
2021-03-27 14:40:24,"b'RT @JerotichSeii: 3. Pres Uhuru: even as you toy around with the idea of remaining in power forever &amp; ever amen, consider  that the vast ma\xe2\x80\xa6'"
2021-03-27 14:05:13,"b'RT @JerotichSeii: 3. Pres Uhuru: even as you toy around with the idea of remaining in power forever &amp; ever amen, consider  that the vast ma\xe2\x80\xa6'"
2021-03-27 13:42:02,"b'RT @JerotichSeii: 3. Pres Uhuru: even as you toy around with the idea of remaining in power forever &amp; ever amen, consider  that the vast ma\xe2\x80\xa6'"
2021-03-27 13:35:18,"b'RT @JerotichSeii: 3. Pres Uhuru: even as you toy around with the idea of remaining in power forever &amp; ever amen, consider  that the vast ma\xe2\x80\xa6'"
2021-03-27 13:07:28,"b'RT @JerotichSeii: 3. Pres Uhuru: even as you toy around with the idea of remaining in power forever &amp; ever amen, consider  that the vast ma\xe2\x80\xa6'"
2021-03-27 13:01:03,"b'RT @JerotichSeii: 3. Pres Uhuru: even as you toy around with the idea of remaining in power forever &amp; ever amen, consider  that the vast ma\xe2\x80\xa6'"
2021-03-27 12:45:42,"b'RT @JerotichSeii: 3. Pres Uhuru: even as you toy around with the idea of remaining in power forever &amp; ever amen, consider  that the vast ma\xe2\x80\xa6'"
